ASX Code,Company Name,Date,Open,High,Low,Close,Volume,Market Capitalisation($m),Shares on Issue
SCP,Shopping Centres Australasia Property Group,13/8/19,2.57,2.59,2.56,2.58,"2,670,545.00","2,390.45","926,529,486.00"
SCP,Shopping Centres Australasia Property Group,14/8/19,2.57,2.575,2.545,2.56,"2,234,961.00","2,371.92","926,529,486.00"
SCP,Shopping Centres Australasia Property Group,15/8/19,2.56,2.58,2.54,2.56,"2,434,354.00","2,371.92","926,529,486.00"
SCP,Shopping Centres Australasia Property Group,16/8/19,2.57,2.58,2.53,2.54,"1,885,553.00","2,353.38","926,529,486.00"
SCP,Shopping Centres Australasia Property Group,19/8/19,2.56,2.56,2.53,2.54,"1,509,913.00","2,353.38","926,529,486.00"
SCP,Shopping Centres Australasia Property Group,20/8/19,2.53,2.59,2.52,2.59,"3,570,466.00","2,399.71","926,529,486.00"
SCP,Shopping Centres Australasia Property Group,21/8/19,2.58,2.59,2.55,2.56,"2,200,914.00","2,371.92","926,529,486.00"
SCP,Shopping Centres Australasia Property Group,22/8/19,2.57,2.57,2.53,2.55,"1,066,148.00","2,362.65","926,529,486.00"
SCP,Shopping Centres Australasia Property Group,23/8/19,2.56,2.58,2.55,2.58,"1,758,322.00","2,390.45","926,529,486.00"
SCP,Shopping Centres Australasia Property Group,26/8/19,2.55,2.58,2.55,2.58,"2,620,163.00","2,390.45","926,529,486.00"
SCP,Shopping Centres Australasia Property Group,27/8/19,2.57,2.59,2.54,2.58,"3,686,312.00","2,390.45","926,529,486.00"
SCP,Shopping Centres Australasia Property Group,28/8/19,2.58,2.61,2.57,2.59,"2,758,633.00","2,399.71","926,529,486.00"
SCP,Shopping Centres Australasia Property Group,29/8/19,2.59,2.61,2.57,2.6,"1,626,455.00","2,408.98","926,529,486.00"
SCP,Shopping Centres Australasia Property Group,30/8/19,2.61,2.655,2.59,2.63,"2,771,773.00","2,436.77","926,529,486.00"
SCP,Shopping Centres Australasia Property Group,2/9/19,2.62,2.64,2.595,2.6,"2,651,431.00","2,422.63","931,782,523.00"
SCP,Shopping Centres Australasia Property Group,3/9/19,2.59,2.605,2.57,2.58,"2,323,887.00","2,404.00","931,782,523.00"
SCP,Shopping Centres Australasia Property Group,4/9/19,2.58,2.59,2.555,2.57,"2,076,200.00","2,394.68","931,782,523.00"
SCP,Shopping Centres Australasia Property Group,5/9/19,2.58,2.59,2.54,2.56,"1,857,399.00","2,385.36","931,782,523.00"
SCP,Shopping Centres Australasia Property Group,6/9/19,2.57,2.59,2.54,2.58,"3,143,724.00","2,404.00","931,782,523.00"
SCP,Shopping Centres Australasia Property Group,9/9/19,2.59,2.6,2.56,2.57,"1,513,788.00","2,394.68","931,782,523.00"
SCP,Shopping Centres Australasia Property Group,10/9/19,2.57,2.57,2.54,2.55,"1,765,622.00","2,376.05","931,782,523.00"
SCP,Shopping Centres Australasia Property Group,11/9/19,2.55,2.57,2.52,2.56,"1,516,813.00","2,385.36","931,782,523.00"
SCP,Shopping Centres Australasia Property Group,12/9/19,2.57,2.61,2.565,2.61,"2,149,844.00","2,431.95","931,782,523.00"
SCP,Shopping Centres Australasia Property Group,13/9/19,2.62,2.63,2.6,2.61,"7,494,161.00","2,431.95","931,782,523.00"
SCP,Shopping Centres Australasia Property Group,16/9/19,2.59,2.6,2.57,2.58,"1,831,557.00","2,404.00","931,782,523.00"
SCP,Shopping Centres Australasia Property Group,17/9/19,2.59,2.6,2.57,2.58,"1,341,048.00","2,404.00","931,782,523.00"
SCP,Shopping Centres Australasia Property Group,18/9/19,2.58,2.6,2.57,2.58,"1,982,779.00","2,404.00","931,782,523.00"
SCP,Shopping Centres Australasia Property Group,19/9/19,2.58,2.61,2.58,2.58,"4,062,228.00","2,404.00","931,782,523.00"
SCP,Shopping Centres Australasia Property Group,20/9/19,2.59,2.61,2.565,2.57,"5,187,407.00","2,394.68","931,782,523.00"
SCP,Shopping Centres Australasia Property Group,23/9/19,2.59,2.62,2.585,2.61,"1,773,543.00","2,431.95","931,782,523.00"
SCP,Shopping Centres Australasia Property Group,24/9/19,2.6,2.63,2.6,2.63,"1,666,387.00","2,450.59","931,782,523.00"
SCP,Shopping Centres Australasia Property Group,25/9/19,2.62,2.66,2.62,2.65,"1,960,788.00","2,469.22","931,782,523.00"
SCP,Shopping Centres Australasia Property Group,26/9/19,2.64,2.65,2.61,2.63,"1,965,918.00","2,450.59","931,782,523.00"
SCP,Shopping Centres Australasia Property Group,27/9/19,2.65,2.655,2.62,2.63,"827,255.00","2,450.59","931,782,523.00"
SCP,Shopping Centres Australasia Property Group,30/9/19,2.62,2.64,2.61,2.61,"1,332,536.00","2,431.95","931,782,523.00"
SCP,Shopping Centres Australasia Property Group,1/10/19,2.63,2.66,2.62,2.66,"3,103,157.00","2,478.54","931,782,523.00"
SCP,Shopping Centres Australasia Property Group,2/10/19,2.66,2.685,2.64,2.67,"2,160,953.00","2,487.86","931,782,523.00"
SCP,Shopping Centres Australasia Property Group,3/10/19,2.63,2.65,2.615,2.63,"2,347,653.00","2,450.59","931,782,523.00"
SCP,Shopping Centres Australasia Property Group,4/10/19,2.62,2.635,2.61,2.62,"1,530,982.00","2,441.27","931,782,523.00"
SCP,Shopping Centres Australasia Property Group,7/10/19,2.62,2.66,2.62,2.66,"1,061,873.00","2,478.54","931,782,523.00"
SCP,Shopping Centres Australasia Property Group,8/10/19,2.66,2.68,2.65,2.66,"1,189,702.00","2,478.54","931,782,523.00"
SCP,Shopping Centres Australasia Property Group,9/10/19,2.64,2.66,2.635,2.66,"639,895.00","2,478.54","931,782,523.00"
SCP,Shopping Centres Australasia Property Group,10/10/19,2.64,2.67,2.635,2.66,"1,050,251.00","2,478.54","931,782,523.00"
SCP,Shopping Centres Australasia Property Group,11/10/19,2.66,2.675,2.64,2.67,"1,520,226.00","2,487.86","931,782,523.00"
SCP,Shopping Centres Australasia Property Group,14/10/19,2.68,2.71,2.66,2.7,"2,478,488.00","2,515.81","931,782,523.00"
SCP,Shopping Centres Australasia Property Group,15/10/19,2.69,2.71,2.68,2.7,"1,221,789.00","2,515.81","931,782,523.00"
SCP,Shopping Centres Australasia Property Group,16/10/19,2.69,2.73,2.68,2.72,"1,693,511.00","2,534.45","931,782,523.00"
SCP,Shopping Centres Australasia Property Group,17/10/19,2.72,2.73,2.71,2.71,"1,572,780.00","2,525.13","931,782,523.00"
SCP,Shopping Centres Australasia Property Group,18/10/19,2.7,2.71,2.67,2.68,"1,956,884.00","2,497.18","931,782,523.00"
SCP,Shopping Centres Australasia Property Group,21/10/19,2.69,2.75,2.69,2.74,"1,542,079.00","2,553.08","931,782,523.00"
SCP,Shopping Centres Australasia Property Group,22/10/19,2.74,2.76,2.72,2.75,"1,420,270.00","2,562.40","931,782,523.00"
SCP,Shopping Centres Australasia Property Group,23/10/19,2.74,2.75,2.73,2.74,"1,351,376.00","2,553.08","931,782,523.00"
SCP,Shopping Centres Australasia Property Group,24/10/19,2.74,2.755,2.725,2.74,"1,003,426.00","2,553.08","931,782,523.00"
SCP,Shopping Centres Australasia Property Group,25/10/19,2.75,2.77,2.74,2.76,"1,621,540.00","2,571.72","931,782,523.00"
SCP,Shopping Centres Australasia Property Group,28/10/19,2.76,2.77,2.74,2.75,"785,295.00","2,562.40","931,782,523.00"
SCP,Shopping Centres Australasia Property Group,29/10/19,2.74,2.755,2.72,2.73,"1,482,169.00","2,543.77","931,782,523.00"
SCP,Shopping Centres Australasia Property Group,30/10/19,2.7,2.7,2.64,2.65,"3,147,278.00","2,469.22","931,782,523.00"
SCP,Shopping Centres Australasia Property Group,31/10/19,2.67,2.71,2.66,2.69,"3,254,297.00","2,506.49","931,782,523.00"
SCP,Shopping Centres Australasia Property Group,1/11/19,2.68,2.71,2.68,2.7,"1,045,541.00","2,515.81","931,782,523.00"
SCP,Shopping Centres Australasia Property Group,4/11/19,2.72,2.73,2.69,2.71,"1,035,504.00","2,525.13","931,782,523.00"
SCP,Shopping Centres Australasia Property Group,5/11/19,2.72,2.73,2.68,2.68,"1,305,576.00","2,497.18","931,782,523.00"
SCP,Shopping Centres Australasia Property Group,6/11/19,2.7,2.71,2.67,2.67,"1,223,085.00","2,487.86","931,782,523.00"
SCP,Shopping Centres Australasia Property Group,7/11/19,2.67,2.71,2.67,2.7,"1,345,638.00","2,515.81","931,782,523.00"
SCP,Shopping Centres Australasia Property Group,8/11/19,2.69,2.695,2.67,2.68,"1,142,494.00","2,497.18","931,782,523.00"
SCP,Shopping Centres Australasia Property Group,11/11/19,2.69,2.71,2.69,2.71,"1,292,033.00","2,525.13","931,782,523.00"
SCP,Shopping Centres Australasia Property Group,12/11/19,2.71,2.72,2.68,2.7,"2,044,988.00","2,515.81","931,782,523.00"
SCP,Shopping Centres Australasia Property Group,13/11/19,2.7,2.71,2.65,2.65,"1,236,800.00","2,469.22","931,782,523.00"
SCP,Shopping Centres Australasia Property Group,14/11/19,2.67,2.69,2.67,2.68,"733,156.00","2,497.18","931,782,523.00"
SCP,Shopping Centres Australasia Property Group,15/11/19,2.71,2.76,2.71,2.73,"1,535,441.00","2,543.77","931,782,523.00"
SCP,Shopping Centres Australasia Property Group,18/11/19,2.73,2.74,2.7,2.71,"1,008,995.00","2,525.13","931,782,523.00"
SCP,Shopping Centres Australasia Property Group,19/11/19,2.71,2.75,2.705,2.75,"1,351,802.00","2,562.40","931,782,523.00"
SCP,Shopping Centres Australasia Property Group,20/11/19,2.76,2.76,2.72,2.72,"1,565,672.00","2,534.45","931,782,523.00"
SCP,Shopping Centres Australasia Property Group,21/11/19,2.7,2.71,2.67,2.69,"5,618,843.00","2,506.49","931,782,523.00"
SCP,Shopping Centres Australasia Property Group,22/11/19,2.69,2.71,2.67,2.68,"1,141,342.00","2,497.18","931,782,523.00"
SCP,Shopping Centres Australasia Property Group,25/11/19,2.68,2.7,2.68,2.68,"2,382,612.00","2,497.18","931,782,523.00"
SCP,Shopping Centres Australasia Property Group,26/11/19,2.69,2.7,2.65,2.65,"5,049,131.00","2,469.22","931,782,523.00"
SCP,Shopping Centres Australasia Property Group,27/11/19,2.66,2.7,2.65,2.69,"1,798,203.00","2,506.49","931,782,523.00"
SCP,Shopping Centres Australasia Property Group,28/11/19,2.69,2.715,2.68,2.7,"2,469,281.00","2,515.81","931,782,523.00"
SCP,Shopping Centres Australasia Property Group,29/11/19,2.71,2.73,2.705,2.72,"2,169,264.00","2,534.45","931,782,523.00"
SCP,Shopping Centres Australasia Property Group,2/12/19,2.73,2.74,2.72,2.72,"971,553.00","2,534.45","931,782,523.00"
SCP,Shopping Centres Australasia Property Group,3/12/19,2.69,2.69,2.63,2.63,"3,169,585.00","2,450.59","931,782,523.00"
SCP,Shopping Centres Australasia Property Group,4/12/19,2.62,2.64,2.59,2.62,"1,911,304.00","2,441.27","931,782,523.00"
SCP,Shopping Centres Australasia Property Group,5/12/19,2.62,2.65,2.61,2.64,"3,201,282.00","2,459.91","931,782,523.00"
SCP,Shopping Centres Australasia Property Group,6/12/19,2.64,2.69,2.635,2.67,"2,610,139.00","2,487.86","931,782,523.00"
SCP,Shopping Centres Australasia Property Group,9/12/19,2.68,2.69,2.65,2.67,"1,167,877.00","2,487.86","931,782,523.00"
SCP,Shopping Centres Australasia Property Group,10/12/19,2.65,2.685,2.65,2.67,"2,258,588.00","2,487.86","931,782,523.00"
SCP,Shopping Centres Australasia Property Group,11/12/19,2.67,2.69,2.655,2.69,"1,667,575.00","2,506.49","931,782,523.00"
SCP,Shopping Centres Australasia Property Group,12/12/19,2.68,2.7,2.68,2.68,"5,361,873.00","2,497.18","931,782,523.00"
SCP,Shopping Centres Australasia Property Group,13/12/19,2.68,2.69,2.65,2.65,"1,953,904.00","2,469.22","931,782,523.00"
SCP,Shopping Centres Australasia Property Group,16/12/19,2.68,2.71,2.66,2.7,"3,293,916.00","2,515.81","931,782,523.00"
SCP,Shopping Centres Australasia Property Group,17/12/19,2.72,2.73,2.7,2.71,"2,224,279.00","2,525.13","931,782,523.00"
SCP,Shopping Centres Australasia Property Group,18/12/19,2.69,2.715,2.69,2.69,"1,828,612.00","2,506.49","931,782,523.00"
SCP,Shopping Centres Australasia Property Group,19/12/19,2.71,2.75,2.69,2.73,"2,878,181.00","2,543.77","931,782,523.00"
SCP,Shopping Centres Australasia Property Group,20/12/19,2.73,2.76,2.72,2.75,"7,042,235.00","2,562.40","931,782,523.00"
SCP,Shopping Centres Australasia Property Group,23/12/19,2.75,2.77,2.73,2.77,"2,181,555.00","2,581.04","931,782,523.00"
SCP,Shopping Centres Australasia Property Group,24/12/19,2.76,2.77,2.74,2.77,"1,023,714.00","2,581.07","931,795,879.00"
SCP,Shopping Centres Australasia Property Group,27/12/19,2.75,2.79,2.745,2.79,"1,000,175.00","2,599.71","931,795,879.00"
SCP,Shopping Centres Australasia Property Group,30/12/19,2.74,2.76,2.71,2.72,"2,357,762.00","2,534.48","931,795,879.00"
SCP,Shopping Centres Australasia Property Group,31/12/19,2.71,2.73,2.67,2.67,"882,094.00","2,487.89","931,795,879.00"
SCP,Shopping Centres Australasia Property Group,2/1/20,2.67,2.705,2.67,2.69,"1,467,511.00","2,506.53","931,795,879.00"
SCP,Shopping Centres Australasia Property Group,3/1/20,2.72,2.73,2.7,2.72,"1,854,824.00","2,534.48","931,795,879.00"
SCP,Shopping Centres Australasia Property Group,6/1/20,2.72,2.73,2.695,2.72,"1,538,481.00","2,534.48","931,795,879.00"
SCP,Shopping Centres Australasia Property Group,7/1/20,2.74,2.77,2.705,2.76,"1,657,253.00","2,571.76","931,795,879.00"
SCP,Shopping Centres Australasia Property Group,8/1/20,2.76,2.76,2.72,2.74,"1,398,584.00","2,553.12","931,795,879.00"
SCP,Shopping Centres Australasia Property Group,9/1/20,2.75,2.75,2.7,2.72,"2,275,056.00","2,534.48","931,795,879.00"
SCP,Shopping Centres Australasia Property Group,10/1/20,2.73,2.77,2.725,2.75,"2,293,548.00","2,562.44","931,795,879.00"
SCP,Shopping Centres Australasia Property Group,13/1/20,2.74,2.76,2.73,2.74,"937,611.00","2,553.12","931,795,879.00"
SCP,Shopping Centres Australasia Property Group,14/1/20,2.77,2.77,2.74,2.75,"1,510,616.00","2,562.44","931,795,879.00"
SCP,Shopping Centres Australasia Property Group,15/1/20,2.76,2.78,2.745,2.76,"1,230,156.00","2,571.76","931,795,879.00"
SCP,Shopping Centres Australasia Property Group,16/1/20,2.79,2.79,2.75,2.79,"2,198,094.00","2,599.71","931,795,879.00"
SCP,Shopping Centres Australasia Property Group,17/1/20,2.81,2.84,2.8,2.83,"2,466,608.00","2,636.98","931,795,879.00"
SCP,Shopping Centres Australasia Property Group,20/1/20,2.83,2.84,2.81,2.83,"1,389,139.00","2,636.98","931,795,879.00"
SCP,Shopping Centres Australasia Property Group,21/1/20,2.85,2.85,2.8,2.82,"1,819,698.00","2,627.66","931,795,879.00"
SCP,Shopping Centres Australasia Property Group,22/1/20,2.85,2.86,2.82,2.82,"2,154,268.00","2,627.66","931,795,879.00"
SCP,Shopping Centres Australasia Property Group,23/1/20,2.84,2.86,2.81,2.84,"1,568,999.00","2,646.30","931,795,879.00"
SCP,Shopping Centres Australasia Property Group,24/1/20,2.84,2.87,2.84,2.85,"1,729,979.00","2,655.62","931,795,879.00"
SCP,Shopping Centres Australasia Property Group,28/1/20,2.81,2.915,2.81,2.9,"2,284,907.00","2,702.21","931,795,879.00"
SCP,Shopping Centres Australasia Property Group,29/1/20,2.89,2.92,2.88,2.91,"1,614,014.00","2,711.53","931,795,879.00"
SCP,Shopping Centres Australasia Property Group,30/1/20,2.91,2.91,2.88,2.89,"1,500,287.00","2,692.89","931,795,879.00"
SCP,Shopping Centres Australasia Property Group,31/1/20,2.88,2.9,2.87,2.89,"1,634,228.00","2,722.69","942,105,543.00"
SCP,Shopping Centres Australasia Property Group,3/2/20,2.89,2.89,2.85,2.86,"1,676,953.00","2,694.42","942,105,543.00"
SCP,Shopping Centres Australasia Property Group,4/2/20,2.86,3,2.86,2.97,"7,206,037.00","2,798.05","942,105,543.00"
SCP,Shopping Centres Australasia Property Group,5/2/20,3.02,3.02,2.94,2.98,"4,072,672.00","2,807.47","942,105,543.00"
SCP,Shopping Centres Australasia Property Group,6/2/20,2.99,3.02,2.95,3.02,"2,935,417.00","2,845.16","942,105,543.00"
SCP,Shopping Centres Australasia Property Group,7/2/20,3.02,3.04,3,3.03,"3,984,508.00","2,854.58","942,105,543.00"
SCP,Shopping Centres Australasia Property Group,10/2/20,3.04,3.05,3.025,3.03,"2,138,636.00","2,854.58","942,105,543.00"
SCP,Shopping Centres Australasia Property Group,11/2/20,3.06,3.11,3.04,3.08,"3,154,739.00","2,901.69","942,105,543.00"
SCP,Shopping Centres Australasia Property Group,12/2/20,3.09,3.11,3.08,3.11,"13,669,911.00","2,929.95","942,105,543.00"
SCP,Shopping Centres Australasia Property Group,13/2/20,3.13,3.13,3.09,3.12,"2,582,416.00","2,939.37","942,105,543.00"
SCP,Shopping Centres Australasia Property Group,14/2/20,3.13,3.135,3.09,3.11,"6,717,331.00","2,929.95","942,105,543.00"
SCP,Shopping Centres Australasia Property Group,17/2/20,3.12,3.15,3.1,3.15,"4,348,294.00","2,967.63","942,105,543.00"
SCP,Shopping Centres Australasia Property Group,18/2/20,3.12,3.16,3.12,3.16,"5,955,104.00","2,977.05","942,105,543.00"
SCP,Shopping Centres Australasia Property Group,19/2/20,3.17,3.18,3.15,3.17,"1,963,249.00","2,986.47","942,105,543.00"
SCP,Shopping Centres Australasia Property Group,20/2/20,3.14,3.17,3.13,3.15,"3,236,240.00","2,967.63","942,105,543.00"
SCP,Shopping Centres Australasia Property Group,21/2/20,3.16,3.185,3.12,3.13,"1,367,877.00","2,948.79","942,105,543.00"
SCP,Shopping Centres Australasia Property Group,24/2/20,3.08,3.12,3.07,3.1,"1,795,781.00","2,920.53","942,105,543.00"
SCP,Shopping Centres Australasia Property Group,25/2/20,3.05,3.1,3.05,3.08,"2,421,137.00","2,901.69","942,105,543.00"
SCP,Shopping Centres Australasia Property Group,26/2/20,3.04,3.08,3.03,3.05,"2,205,647.00","2,873.42","942,105,543.00"
SCP,Shopping Centres Australasia Property Group,27/2/20,3.05,3.07,3.04,3.07,"1,884,888.00","2,892.26","942,105,543.00"
SCP,Shopping Centres Australasia Property Group,28/2/20,3,3.04,2.99,3.01,"2,801,562.00","2,835.74","942,105,543.00"
SCP,Shopping Centres Australasia Property Group,2/3/20,2.94,2.99,2.94,2.97,"2,776,606.00","2,798.05","942,105,543.00"
SCP,Shopping Centres Australasia Property Group,3/3/20,2.95,3.04,2.95,3.01,"2,501,325.00","2,835.74","942,105,543.00"
SCP,Shopping Centres Australasia Property Group,4/3/20,2.96,3.05,2.96,3.01,"2,526,251.00","2,835.74","942,105,543.00"
SCP,Shopping Centres Australasia Property Group,5/3/20,3.01,3.06,3,3.01,"4,295,333.00","2,835.74","942,105,543.00"
SCP,Shopping Centres Australasia Property Group,6/3/20,2.98,3.025,2.97,2.97,"2,019,336.00","2,798.05","942,105,543.00"
SCP,Shopping Centres Australasia Property Group,9/3/20,2.88,2.95,2.88,2.91,"2,313,741.00","2,741.53","942,105,543.00"
SCP,Shopping Centres Australasia Property Group,10/3/20,2.85,2.93,2.83,2.9,"3,440,118.00","2,732.11","942,105,543.00"
SCP,Shopping Centres Australasia Property Group,11/3/20,2.87,2.94,2.87,2.92,"2,115,254.00","2,750.95","942,105,543.00"
SCP,Shopping Centres Australasia Property Group,12/3/20,2.87,2.9,2.73,2.74,"4,741,364.00","2,581.37","942,105,543.00"
SCP,Shopping Centres Australasia Property Group,13/3/20,2.6,2.735,2.56,2.71,"4,645,082.00","2,553.11","942,105,543.00"
SCP,Shopping Centres Australasia Property Group,16/3/20,2.49,2.66,2.47,2.49,"3,049,331.00","2,345.84","942,105,543.00"
SCP,Shopping Centres Australasia Property Group,17/3/20,2.46,2.54,2.365,2.42,"5,573,559.00","2,279.90","942,105,543.00"
SCP,Shopping Centres Australasia Property Group,18/3/20,2.39,2.69,2.2,2.28,"6,992,871.00","2,148.00","942,105,543.00"
SCP,Shopping Centres Australasia Property Group,19/3/20,2.28,2.33,2.05,2.05,"6,457,432.00","1,931.32","942,105,543.00"
SCP,Shopping Centres Australasia Property Group,20/3/20,2.3,2.365,2.14,2.15,"5,400,584.00","2,025.53","942,105,543.00"
SCP,Shopping Centres Australasia Property Group,23/3/20,1.99,2.12,1.975,2.07,"4,736,356.00","1,950.16","942,105,543.00"
SCP,Shopping Centres Australasia Property Group,24/3/20,2.12,2.23,2.07,2.17,"7,669,640.00","2,044.37","942,105,543.00"
SCP,Shopping Centres Australasia Property Group,25/3/20,2.23,2.41,2.23,2.41,"4,100,544.00","2,270.47","942,105,543.00"
SCP,Shopping Centres Australasia Property Group,26/3/20,2.6,2.6,2.49,2.53,"5,086,036.00","2,383.53","942,105,543.00"
SCP,Shopping Centres Australasia Property Group,27/3/20,2.45,2.51,2.22,2.26,"4,660,630.00","2,129.16","942,105,543.00"
SCP,Shopping Centres Australasia Property Group,30/3/20,2.28,2.4,2.17,2.29,"5,290,665.00","2,157.42","942,105,543.00"
SCP,Shopping Centres Australasia Property Group,31/3/20,2.29,2.33,2.2,2.27,"5,759,415.00","2,138.58","942,105,543.00"
SCP,Shopping Centres Australasia Property Group,1/4/20,2.28,2.38,2.21,2.27,"4,670,413.00","2,138.58","942,105,543.00"
SCP,Shopping Centres Australasia Property Group,2/4/20,2.15,2.22,2.13,2.21,"6,325,046.00","2,082.05","942,105,543.00"
SCP,Shopping Centres Australasia Property Group,3/4/20,2.34,2.43,2.17,2.25,"5,435,634.00","2,119.74","942,105,543.00"
SCP,Shopping Centres Australasia Property Group,6/4/20,2.26,2.37,2.25,2.36,"3,595,491.00","2,223.37","942,105,543.00"
SCP,Shopping Centres Australasia Property Group,7/4/20,0,0,0,2.36,0,"2,223.37","942,105,543.00"
SCP,Shopping Centres Australasia Property Group,8/4/20,2.18,2.23,2.14,2.21,"17,645,612.00","2,082.05","942,105,543.00"
SCP,Shopping Centres Australasia Property Group,9/4/20,2.23,2.26,2.18,2.26,"8,800,229.00","2,129.16","942,105,543.00"
SCP,Shopping Centres Australasia Property Group,14/4/20,2.21,2.22,2.15,2.17,"5,914,202.00","2,044.37","942,105,543.00"
SCP,Shopping Centres Australasia Property Group,15/4/20,2.2,2.25,2.13,2.25,"6,470,036.00","2,119.74","942,105,543.00"
SCP,Shopping Centres Australasia Property Group,16/4/20,2.16,2.18,2.105,2.15,"8,360,031.00","2,274.37","1,057,846,284.00"
SCP,Shopping Centres Australasia Property Group,17/4/20,2.2,2.31,2.2,2.24,"7,906,786.00","2,369.58","1,057,846,284.00"
SCP,Shopping Centres Australasia Property Group,20/4/20,2.24,2.31,2.22,2.26,"18,326,595.00","2,390.73","1,057,846,284.00"
SCP,Shopping Centres Australasia Property Group,21/4/20,2.21,2.24,2.13,2.15,"4,760,653.00","2,274.37","1,057,846,284.00"
SCP,Shopping Centres Australasia Property Group,22/4/20,2.12,2.24,2.095,2.23,"6,177,851.00","2,359.00","1,057,846,284.00"
SCP,Shopping Centres Australasia Property Group,23/4/20,2.24,2.24,2.13,2.21,"7,192,992.00","2,337.84","1,057,846,284.00"
SCP,Shopping Centres Australasia Property Group,24/4/20,2.17,2.23,2.14,2.21,"4,025,111.00","2,337.84","1,057,846,284.00"
SCP,Shopping Centres Australasia Property Group,27/4/20,2.21,2.23,2.16,2.22,"5,855,152.00","2,348.42","1,057,846,284.00"
SCP,Shopping Centres Australasia Property Group,28/4/20,2.27,2.27,2.185,2.19,"4,712,727.00","2,316.68","1,057,846,284.00"
SCP,Shopping Centres Australasia Property Group,29/4/20,2.18,2.19,2.11,2.15,"7,091,458.00","2,274.37","1,057,846,284.00"
SCP,Shopping Centres Australasia Property Group,30/4/20,2.17,2.23,2.155,2.23,"5,412,420.00","2,359.00","1,057,846,284.00"
SCP,Shopping Centres Australasia Property Group,1/5/20,2.19,2.235,2.14,2.17,"5,027,486.00","2,295.53","1,057,846,284.00"
SCP,Shopping Centres Australasia Property Group,4/5/20,2.15,2.18,2.1,2.17,"4,892,441.00","2,295.53","1,057,846,284.00"
SCP,Shopping Centres Australasia Property Group,5/5/20,2.16,2.21,2.15,2.2,"3,520,880.00","2,327.26","1,057,846,284.00"
SCP,Shopping Centres Australasia Property Group,6/5/20,2.18,2.21,2.15,2.2,"2,255,009.00","2,327.26","1,057,846,284.00"
SCP,Shopping Centres Australasia Property Group,7/5/20,2.2,2.22,2.15,2.15,"2,532,366.00","2,274.37","1,057,846,284.00"
SCP,Shopping Centres Australasia Property Group,8/5/20,2.17,2.2,2.13,2.14,"3,565,347.00","2,263.79","1,057,846,284.00"
SCP,Shopping Centres Australasia Property Group,11/5/20,2.16,2.205,2.15,2.19,"3,109,395.00","2,316.68","1,057,846,284.00"
SCP,Shopping Centres Australasia Property Group,12/5/20,2.17,2.23,2.13,2.21,"5,417,507.00","2,337.84","1,057,846,284.00"
SCP,Shopping Centres Australasia Property Group,13/5/20,2.17,2.17,2.115,2.16,"5,593,667.00","2,284.95","1,057,846,284.00"
SCP,Shopping Centres Australasia Property Group,14/5/20,2.14,2.16,2.11,2.14,"2,396,061.00","2,263.79","1,057,846,284.00"
SCP,Shopping Centres Australasia Property Group,15/5/20,2.15,2.17,2.12,2.16,"2,682,636.00","2,314.26","1,071,416,350.00"
SCP,Shopping Centres Australasia Property Group,18/5/20,2.15,2.2,2.15,2.15,"2,200,078.00","2,303.55","1,071,416,350.00"
SCP,Shopping Centres Australasia Property Group,19/5/20,2.2,2.205,2.17,2.18,"4,590,514.00","2,335.69","1,071,416,350.00"
SCP,Shopping Centres Australasia Property Group,20/5/20,2.15,2.24,2.15,2.22,"3,369,645.00","2,378.54","1,071,416,350.00"
SCP,Shopping Centres Australasia Property Group,21/5/20,2.22,2.23,2.16,2.21,"4,608,544.00","2,367.83","1,071,416,350.00"
SCP,Shopping Centres Australasia Property Group,22/5/20,2.21,2.25,2.185,2.2,"2,008,213.00","2,357.12","1,071,416,350.00"
SCP,Shopping Centres Australasia Property Group,25/5/20,2.25,2.25,2.18,2.23,"2,719,703.00","2,389.26","1,071,416,350.00"
SCP,Shopping Centres Australasia Property Group,26/5/20,2.25,2.31,2.24,2.31,"4,305,031.00","2,474.97","1,071,416,350.00"
SCP,Shopping Centres Australasia Property Group,27/5/20,2.31,2.38,2.27,2.37,"7,611,037.00","2,539.26","1,071,416,350.00"
SCP,Shopping Centres Australasia Property Group,28/5/20,2.35,2.41,2.33,2.36,"5,616,675.00","2,528.54","1,071,416,350.00"
SCP,Shopping Centres Australasia Property Group,29/5/20,2.36,2.36,2.3,2.34,"4,895,351.00","2,507.11","1,071,416,350.00"
SCP,Shopping Centres Australasia Property Group,1/6/20,2.24,2.27,2.22,2.25,"4,363,339.00","2,410.69","1,071,416,350.00"
SCP,Shopping Centres Australasia Property Group,2/6/20,2.23,2.27,2.21,2.22,"2,949,479.00","2,378.54","1,071,416,350.00"
SCP,Shopping Centres Australasia Property Group,3/6/20,2.22,2.31,2.22,2.31,"4,869,487.00","2,474.97","1,071,416,350.00"
SCP,Shopping Centres Australasia Property Group,4/6/20,2.34,2.37,2.31,2.36,"5,382,451.00","2,528.54","1,071,416,350.00"
SCP,Shopping Centres Australasia Property Group,5/6/20,2.31,2.365,2.29,2.31,"3,320,280.00","2,474.97","1,071,416,350.00"
SCP,Shopping Centres Australasia Property Group,9/6/20,2.35,2.46,2.32,2.44,"8,098,445.00","2,614.26","1,071,416,350.00"
SCP,Shopping Centres Australasia Property Group,10/6/20,2.4,2.5,2.36,2.39,"4,208,141.00","2,560.69","1,071,416,350.00"
SCP,Shopping Centres Australasia Property Group,11/6/20,2.29,2.36,2.285,2.34,"3,736,628.00","2,507.11","1,071,416,350.00"
SCP,Shopping Centres Australasia Property Group,12/6/20,2.34,2.35,2.27,2.31,"3,676,990.00","2,474.97","1,071,416,350.00"